-- phpMyAdmin SQL Dump
-- version 4.9.11
-- https://www.phpmyadmin.net/
--
-- Hôte : localhost:3306
-- Généré le : lun. 19 juin 2023 à 10:30
-- Version du serveur : 10.5.19-MariaDB-cll-lve
-- Version de PHP : 7.4.33

SET SQL_MODE = "NO_AUTO_VALUE_ON_ZERO";
SET AUTOCOMMIT = 0;
START TRANSACTION;
SET time_zone = "+00:00";


/*!40101 SET @OLD_CHARACTER_SET_CLIENT=@@CHARACTER_SET_CLIENT */;
/*!40101 SET @OLD_CHARACTER_SET_RESULTS=@@CHARACTER_SET_RESULTS */;
/*!40101 SET @OLD_COLLATION_CONNECTION=@@COLLATION_CONNECTION */;
/*!40101 SET NAMES utf8mb4 */;

--
-- Base de données : `c1998364c_sae23`
--

-- --------------------------------------------------------

--
-- Structure de la table `admin`
--

CREATE TABLE `admin` (
  `Login` varchar(50) NOT NULL,
  `Password` varchar(2500) NOT NULL,
  `Email` varchar(65) NOT NULL
) ENGINE=InnoDB DEFAULT CHARSET=utf8 COLLATE=utf8_general_ci;

--
-- Déchargement des données de la table `admin`
--

INSERT INTO `admin` (`Login`, `Password`, `Email`) VALUES
('root', '$2y$10$1oh58ycMaCA7IKsRMf//b.EacpFoq8MYz2UWXbeXheEyxua7r6sNm', 'admin@root.com');

-- --------------------------------------------------------

--
-- Structure de la table `building`
--

CREATE TABLE `building` (
  `ID_building` int(5) NOT NULL,
  `Name_building` varchar(40) NOT NULL,
  `Login_manager` varchar(35) NOT NULL,
  `Email_manager` varchar(65) NOT NULL,
  `Password_manager` varchar(2500) NOT NULL
) ENGINE=InnoDB DEFAULT CHARSET=utf8 COLLATE=utf8_general_ci;

--
-- Déchargement des données de la table `building`
--

INSERT INTO `building` (`ID_building`, `Name_building`, `Login_manager`, `Email_manager`, `Password_manager`) VALUES
(23, 'INFO', 'info_manager', 'info_manager@email.com', '$2y$10$CM95rAelxJR2n0NA/GHqz.quEPR5RHRHzE.JFbwH9PM9EjNmdpCCq'),
(24, 'R&T', 'mansalier', 'lemansal@email.com', '$2y$10$bARKMxlGxyovFURfiRZMQe/QSDfMmmz.VS8s7MXk.0Y4WIH45PoiO');

-- --------------------------------------------------------

--
-- Structure de la table `measure`
--

CREATE TABLE `measure` (
  `ID_measure` int(9) NOT NULL,
  `Date` datetime NOT NULL,
  `Value` float NOT NULL,
  `ID_Sensor` int(9) NOT NULL
) ENGINE=InnoDB DEFAULT CHARSET=utf8 COLLATE=utf8_general_ci;

--
-- Déchargement des données de la table `measure`
--

INSERT INTO `measure` (`ID_measure`, `Date`, `Value`, `ID_Sensor`) VALUES
(9, '2023-06-05 18:19:58', 18, 12),
(10, '2023-06-05 18:20:22', 400, 15),
(11, '2023-06-05 18:31:05', 32, 20),
(12, '2023-06-13 11:14:31', 22.9, 12),
(13, '2023-06-13 11:14:45', 25.5, 20),
(14, '2023-06-13 11:17:31', 454, 15),
(15, '2023-06-13 11:17:31', 59, 14),
(16, '2023-06-13 11:17:31', 19, 16),
(17, '2023-06-13 11:19:00', 63, 13),
(18, '2023-06-13 11:20:45', 458, 22),
(19, '2023-06-13 14:54:31', 23.4, 12),
(20, '2023-06-13 14:54:45', 25.8, 20),
(21, '2023-06-13 14:57:30', 0, 14),
(22, '2023-06-13 14:57:31', 17, 16),
(23, '2023-06-13 14:57:31', 864, 15),
(24, '2023-06-13 14:59:00', 60.5, 13),
(25, '2023-06-13 15:00:46', 439, 22),
(26, '2023-06-13 15:10:45', 440, 22),
(27, '2023-06-13 15:14:31', 23.4, 12),
(28, '2023-06-13 15:14:48', 25.6, 20),
(29, '2023-06-13 15:17:31', 757, 15),
(30, '2023-06-13 15:17:31', 0, 14),
(31, '2023-06-13 15:17:31', 19, 16),
(32, '2023-06-13 15:19:00', 60.5, 13),
(33, '2023-06-13 15:24:31', 23.4, 12),
(34, '2023-06-13 15:24:45', 25.6, 20),
(35, '2023-06-13 15:27:30', 715, 15),
(36, '2023-06-13 15:27:30', 0, 14),
(37, '2023-06-13 15:27:31', 18, 16),
(38, '2023-06-13 15:29:00', 60.5, 13),
(39, '2023-06-13 15:30:46', 440, 22),
(40, '2023-06-13 15:30:46', 440, 22),
(41, '2023-06-13 15:34:31', 23.4, 12),
(42, '2023-06-13 15:34:45', 25.6, 20),
(43, '2023-06-13 15:37:31', 16, 16),
(44, '2023-06-13 15:37:31', 674, 15),
(45, '2023-06-13 15:37:31', 0, 14),
(46, '2023-06-13 15:39:00', 60.5, 13),
(47, '2023-06-13 15:40:45', 440, 22),
(48, '2023-06-13 15:44:31', 23.4, 12),
(49, '2023-06-13 15:44:45', 25.5, 20),
(50, '2023-06-13 15:47:31', 649, 15),
(51, '2023-06-13 15:47:31', 72, 14),
(52, '2023-06-13 15:47:31', 16, 16),
(53, '2023-06-13 15:48:59', 60, 13),
(54, '2023-06-13 15:50:45', 440, 22),
(55, '2023-06-13 15:54:31', 23.4, 12),
(56, '2023-06-13 15:54:45', 25.6, 20),
(57, '2023-06-13 15:57:30', 621, 15),
(58, '2023-06-13 15:57:30', 0, 14),
(59, '2023-06-13 15:57:31', 18, 16),
(60, '2023-06-13 15:59:00', 59.5, 13),
(61, '2023-06-13 16:00:46', 442, 22),
(62, '2023-06-13 16:04:31', 23.4, 12),
(63, '2023-06-13 16:04:45', 25.6, 20),
(64, '2023-06-13 16:07:30', 66, 14),
(65, '2023-06-13 16:07:31', 21, 16),
(66, '2023-06-13 16:07:31', 614, 15),
(67, '2023-06-13 16:09:00', 59.5, 13),
(68, '2023-06-13 16:10:46', 442, 22),
(69, '2023-06-13 16:14:30', 23.4, 12),
(70, '2023-06-13 16:14:44', 25.7, 20),
(71, '2023-06-13 16:17:30', 19, 16),
(72, '2023-06-13 16:17:31', 602, 15),
(73, '2023-06-13 16:17:31', 70, 14),
(74, '2023-06-13 16:19:00', 59.5, 13),
(75, '2023-06-13 16:20:45', 446, 22),
(76, '2023-06-13 16:24:31', 23.4, 12),
(77, '2023-06-13 16:24:45', 25.6, 20),
(78, '2023-06-13 16:27:30', 585, 15),
(79, '2023-06-13 16:27:31', 0, 14),
(80, '2023-06-13 16:27:31', 17, 16),
(81, '2023-06-13 16:28:59', 59, 13),
(82, '2023-06-13 16:30:45', 449, 22),
(83, '2023-06-13 16:34:31', 23.4, 12),
(84, '2023-06-13 16:34:45', 25.5, 20),
(85, '2023-06-13 16:37:30', 582, 15),
(86, '2023-06-13 16:37:30', 0, 14),
(87, '2023-06-13 16:37:31', 21, 16),
(88, '2023-06-13 16:39:00', 59, 13),
(89, '2023-06-13 16:40:46', 448, 22),
(90, '2023-06-13 16:44:30', 23.4, 12),
(91, '2023-06-13 16:44:45', 25.5, 20),
(92, '2023-06-13 16:47:30', 18, 16),
(93, '2023-06-13 16:47:31', 563, 15),
(94, '2023-06-13 16:47:31', 31, 14),
(95, '2023-06-13 16:49:00', 58.5, 13),
(96, '2023-06-13 16:54:31', 23.4, 12),
(97, '2023-06-13 16:54:45', 25.6, 20),
(98, '2023-06-13 16:57:31', 552, 15),
(99, '2023-06-13 16:57:31', 22, 14),
(100, '2023-06-13 16:57:31', 13, 16),
(101, '2023-06-13 16:58:59', 58.5, 13),
(102, '2023-06-13 17:00:45', 451, 22),
(103, '2023-06-13 17:00:45', 451, 22),
(104, '2023-06-13 17:04:31', 23.4, 12),
(105, '2023-06-13 17:04:45', 25.5, 20),
(106, '2023-06-13 17:07:30', 538, 15),
(107, '2023-06-13 17:07:30', 0, 14),
(108, '2023-06-13 17:07:31', 16, 16),
(109, '2023-06-13 17:09:00', 58, 13),
(110, '2023-06-13 17:10:46', 455, 22),
(111, '2023-06-13 17:14:30', 23.4, 12),
(112, '2023-06-13 17:14:45', 25.5, 20),
(113, '2023-06-13 17:17:31', 10, 16),
(114, '2023-06-13 17:17:31', 521, 15),
(115, '2023-06-13 17:17:31', 40, 14),
(116, '2023-06-13 17:19:00', 58, 13),
(117, '2023-06-13 17:20:46', 453, 22),
(118, '2023-06-13 17:24:31', 23.4, 12),
(119, '2023-06-13 17:24:45', 25.3, 20),
(120, '2023-06-13 17:27:31', 34, 14),
(121, '2023-06-13 17:27:31', 504, 15),
(122, '2023-06-13 17:27:31', 12, 16),
(123, '2023-06-13 17:29:00', 57.5, 13),
(124, '2023-06-13 17:30:45', 453, 22),
(125, '2023-06-13 17:34:31', 23.4, 12),
(126, '2023-06-13 17:37:30', 506, 15),
(127, '2023-06-13 17:37:30', 0, 14),
(128, '2023-06-13 17:37:31', 15, 16),
(129, '2023-06-13 17:38:59', 57.5, 13),
(130, '2023-06-13 17:40:46', 448, 22),
(131, '2023-06-13 17:44:31', 23.4, 12),
(132, '2023-06-13 17:44:45', 25.2, 20),
(133, '2023-06-13 17:44:45', 25.2, 20),
(134, '2023-06-13 17:47:30', 0, 14),
(135, '2023-06-13 17:47:31', 12, 16),
(136, '2023-06-13 17:47:31', 496, 15),
(137, '2023-06-13 17:49:00', 57.5, 13),
(138, '2023-06-13 17:50:46', 445, 22),
(139, '2023-06-13 17:54:30', 23.4, 12),
(140, '2023-06-13 17:54:44', 25.1, 20),
(141, '2023-06-13 17:57:30', 10, 16),
(142, '2023-06-13 17:57:31', 484, 15),
(143, '2023-06-13 17:57:31', 0, 14),
(144, '2023-06-13 17:59:00', 57.5, 13),
(145, '2023-06-13 18:00:45', 441, 22),
(146, '2023-06-14 05:37:31', 425, 15),
(147, '2023-06-14 05:37:31', 0, 14),
(148, '2023-06-14 05:37:31', 55, 16),
(149, '2023-06-14 05:38:59', 62.5, 13),
(150, '2023-06-14 05:38:59', 62.5, 13),
(151, '2023-06-14 05:40:46', 422, 22),
(152, '2023-06-14 05:40:46', 422, 22),
(153, '2023-06-14 05:44:31', 23.2, 12),
(154, '2023-06-14 05:44:31', 23.2, 12),
(155, '2023-06-14 05:44:45', 25.9, 20),
(156, '2023-06-14 05:44:45', 25.9, 20),
(157, '2023-06-14 05:47:30', 421, 15),
(158, '2023-06-14 05:47:30', 0, 14),
(159, '2023-06-14 05:47:30', 421, 15),
(160, '2023-06-14 05:47:30', 0, 14),
(161, '2023-06-14 05:47:31', 53, 16),
(162, '2023-06-14 05:47:31', 53, 16),
(163, '2023-06-14 05:49:00', 62.5, 13),
(164, '2023-06-14 05:50:45', 414, 22),
(165, '2023-06-14 05:54:30', 23.3, 12),
(166, '2023-06-14 05:54:45', 25.8, 20),
(167, '2023-06-14 05:57:31', 54, 16),
(168, '2023-06-14 05:57:31', 420, 15),
(169, '2023-06-14 05:57:31', 0, 14),
(170, '2023-06-14 05:59:00', 62.5, 13),
(171, '2023-06-14 06:00:46', 419, 22),
(172, '2023-06-14 06:04:30', 23.3, 12),
(173, '2023-06-14 06:04:44', 25.7, 20),
(174, '2023-06-14 06:14:31', 23.3, 12),
(175, '2023-06-14 06:14:45', 25.7, 20),
(176, '2023-06-14 06:17:31', 418, 15),
(177, '2023-06-14 06:17:31', 0, 14),
(178, '2023-06-14 06:17:31', 57, 16),
(179, '2023-06-14 06:19:00', 62.5, 13),
(180, '2023-06-14 06:20:46', 419, 22),
(181, '2023-06-14 08:00:46', 415, 22),
(182, '2023-06-14 08:04:31', 23.3, 12),
(183, '2023-06-14 08:04:45', 24.8, 20),
(184, '2023-06-14 08:07:30', 409, 15),
(185, '2023-06-14 08:07:30', 0, 14),
(186, '2023-06-14 08:07:31', 57, 16),
(187, '2023-06-14 08:09:00', 62, 13),
(188, '2023-06-14 08:10:46', 411, 22),
(189, '2023-06-14 08:14:30', 23.3, 12),
(190, '2023-06-14 08:14:47', 24.9, 20),
(191, '2023-06-14 08:17:30', 408, 15),
(192, '2023-06-14 08:17:30', 0, 14),
(193, '2023-06-14 08:17:31', 38, 16),
(194, '2023-06-14 08:19:00', 62, 13),
(195, '2023-06-14 08:20:46', 411, 22),
(196, '2023-06-14 08:24:30', 23.3, 12),
(197, '2023-06-14 08:24:45', 24.9, 20),
(198, '2023-06-14 08:27:31', 14, 16),
(199, '2023-06-14 08:27:31', 402, 15),
(200, '2023-06-14 08:27:31', 0, 14),
(201, '2023-06-14 08:28:59', 62, 13),
(202, '2023-06-14 08:30:46', 413, 22),
(203, '2023-06-14 08:34:31', 23.3, 12),
(204, '2023-06-14 08:34:45', 24.9, 20),
(205, '2023-06-14 08:37:31', 0, 14),
(206, '2023-06-14 08:37:31', 405, 15),
(207, '2023-06-14 08:37:31', 17, 16),
(208, '2023-06-14 08:38:59', 62, 13),
(209, '2023-06-14 08:40:48', 412, 22),
(210, '2023-06-14 08:44:31', 23.3, 12),
(211, '2023-06-14 08:44:45', 25, 20),
(212, '2023-06-14 08:47:30', 401, 15),
(213, '2023-06-14 08:47:30', 2, 14),
(214, '2023-06-14 08:47:31', 15, 16),
(215, '2023-06-14 08:49:00', 62, 13),
(216, '2023-06-14 08:50:46', 405, 22),
(217, '2023-06-14 08:54:30', 23.3, 12),
(218, '2023-06-14 08:57:31', 13, 16),
(219, '2023-06-14 08:57:31', 404, 15),
(220, '2023-06-14 08:57:34', 0, 14),
(221, '2023-06-14 08:59:00', 62, 13),
(222, '2023-06-14 09:00:49', 409, 22),
(223, '2023-06-14 09:04:30', 23.3, 12),
(224, '2023-06-14 09:07:31', 17, 16),
(225, '2023-06-14 09:07:31', 404, 15),
(226, '2023-06-14 09:07:33', 0, 14),
(227, '2023-06-14 09:08:59', 62, 13),
(228, '2023-06-14 09:10:46', 405, 22),
(229, '2023-06-14 09:14:31', 23.3, 12),
(230, '2023-06-14 09:14:45', 25.5, 20),
(231, '2023-06-14 09:14:45', 25.5, 20),
(232, '2023-06-14 09:14:45', 25.5, 20),
(233, '2023-06-14 09:17:31', 406, 15),
(234, '2023-06-14 09:17:31', 0, 14),
(235, '2023-06-14 09:17:31', 13, 16),
(236, '2023-06-14 09:19:00', 62, 13),
(237, '2023-06-14 09:20:46', 408, 22),
(238, '2023-06-14 09:24:31', 23.3, 12),
(239, '2023-06-14 09:24:47', 26, 20),
(240, '2023-06-14 09:27:30', 403, 15),
(241, '2023-06-14 09:27:31', 15, 16),
(242, '2023-06-14 09:27:33', 0, 14),
(243, '2023-06-14 09:29:00', 62, 13),
(244, '2023-06-14 09:30:46', 411, 22),
(245, '2023-06-14 09:34:30', 23.3, 12),
(246, '2023-06-14 09:34:45', 26.4, 20),
(247, '2023-06-14 09:37:31', 13, 16),
(248, '2023-06-14 09:37:31', 406, 15),
(249, '2023-06-14 09:37:31', 0, 14),
(250, '2023-06-14 09:38:59', 62, 13),
(251, '2023-06-14 09:40:46', 409, 22),
(252, '2023-06-14 09:44:30', 23.3, 12),
(253, '2023-06-14 09:44:45', 26.8, 20),
(254, '2023-06-14 09:47:31', 402, 15),
(255, '2023-06-14 09:47:31', 0, 14),
(256, '2023-06-14 09:47:31', 15, 16),
(257, '2023-06-14 09:48:59', 62, 13),
(258, '2023-06-14 09:54:31', 23.3, 12),
(259, '2023-06-14 09:54:45', 27, 20),
(260, '2023-06-14 09:57:30', 0, 14),
(261, '2023-06-14 09:57:30', 402, 15),
(262, '2023-06-14 09:57:31', 10, 16),
(263, '2023-06-14 09:59:00', 62, 13),
(264, '2023-06-15 08:30:47', 432, 22),
(265, '2023-06-15 08:34:31', 22.5, 12),
(266, '2023-06-15 08:34:46', 25.5, 20),
(267, '2023-06-15 08:37:31', 431, 15),
(268, '2023-06-15 08:37:31', 0, 14),
(269, '2023-06-15 08:37:32', 4, 16),
(270, '2023-06-15 08:38:59', 58, 13),
(271, '2023-06-15 08:40:46', 433, 22),
(272, '2023-06-15 08:44:31', 22.5, 12),
(273, '2023-06-15 08:44:45', 25.1, 20),
(274, '2023-06-15 08:47:30', 427, 15),
(275, '2023-06-15 08:47:30', 0, 14),
(276, '2023-06-15 08:47:31', 3, 16),
(277, '2023-06-15 08:49:00', 58.5, 13),
(278, '2023-06-15 08:50:46', 432, 22),
(279, '2023-06-15 08:54:30', 22.5, 12),
(280, '2023-06-15 08:54:47', 24.8, 20),
(281, '2023-06-15 08:57:30', 0, 14),
(282, '2023-06-15 08:57:31', 5, 16),
(283, '2023-06-15 08:57:31', 428, 15),
(284, '2023-06-15 08:58:59', 58.5, 13),
(285, '2023-06-15 09:00:47', 425, 22),
(286, '2023-06-15 09:04:30', 22.5, 12),
(287, '2023-06-15 09:04:47', 24.5, 20),
(288, '2023-06-15 09:07:31', 5, 16),
(289, '2023-06-15 09:07:31', 431, 15),
(290, '2023-06-15 09:07:31', 0, 14),
(291, '2023-06-15 09:08:59', 59.5, 13),
(292, '2023-06-15 09:10:47', 430, 22),
(293, '2023-06-15 09:14:31', 22.5, 12),
(294, '2023-06-15 09:14:45', 24.3, 20),
(295, '2023-06-15 09:17:31', 434, 15),
(296, '2023-06-15 09:17:31', 0, 14),
(297, '2023-06-15 09:17:31', 7, 16),
(298, '2023-06-15 09:19:00', 59.5, 13),
(299, '2023-06-15 09:24:31', 22.6, 12),
(300, '2023-06-15 09:24:45', 24.1, 20),
(301, '2023-06-15 09:27:30', 430, 15),
(302, '2023-06-15 09:27:30', 0, 14),
(303, '2023-06-15 09:27:31', 7, 16),
(304, '2023-06-15 09:29:00', 59.5, 13),
(305, '2023-06-15 09:30:47', 426, 22),
(306, '2023-06-15 09:30:47', 426, 22),
(307, '2023-06-15 09:34:30', 22.6, 12),
(308, '2023-06-15 09:34:54', 24, 20),
(309, '2023-06-15 09:37:31', 7, 16),
(310, '2023-06-15 09:37:31', 437, 15),
(311, '2023-06-15 09:37:31', 0, 14),
(312, '2023-06-15 09:38:59', 59, 13),
(313, '2023-06-15 09:44:31', 22.6, 12),
(314, '2023-06-15 09:44:47', 24, 20),
(315, '2023-06-15 09:47:31', 0, 14),
(316, '2023-06-15 09:47:31', 439, 15),
(317, '2023-06-15 09:47:32', 5, 16),
(318, '2023-06-15 09:48:59', 59, 13),
(319, '2023-06-15 09:50:46', 435, 22),
(320, '2023-06-15 09:50:46', 435, 22),
(321, '2023-06-15 09:54:31', 22.6, 12),
(322, '2023-06-15 09:54:45', 24, 20),
(323, '2023-06-15 09:57:31', 442, 15),
(324, '2023-06-15 09:57:31', 0, 14),
(325, '2023-06-15 09:57:31', 3, 16),
(326, '2023-06-15 09:59:00', 59, 13),
(327, '2023-06-15 10:00:46', 438, 22),
(328, '2023-06-15 10:04:31', 22.6, 12),
(329, '2023-06-15 10:04:45', 24.1, 20),
(330, '2023-06-15 10:07:30', 442, 15),
(331, '2023-06-15 10:07:30', 0, 14),
(332, '2023-06-15 10:07:31', 3, 16),
(333, '2023-06-15 10:09:00', 59, 13),
(334, '2023-06-15 10:10:47', 429, 22),
(335, '2023-06-15 10:14:30', 22.6, 12),
(336, '2023-06-15 10:14:45', 24.2, 20),
(337, '2023-06-15 10:17:31', 3, 16),
(338, '2023-06-15 10:17:31', 448, 15),
(339, '2023-06-15 10:17:31', 0, 14),
(340, '2023-06-15 10:18:59', 59, 13),
(341, '2023-06-15 10:20:47', 426, 22),
(342, '2023-06-15 10:24:31', 22.6, 12),
(343, '2023-06-15 10:24:46', 24.3, 20),
(344, '2023-06-15 10:27:31', 447, 15),
(345, '2023-06-15 10:27:31', 0, 14),
(346, '2023-06-15 10:27:31', 3, 16),
(347, '2023-06-15 10:29:00', 59, 13),
(348, '2023-06-15 10:30:46', 430, 22),
(349, '2023-06-15 10:34:31', 22.6, 12),
(350, '2023-06-15 10:34:45', 24.4, 20),
(351, '2023-06-15 10:37:30', 448, 15),
(352, '2023-06-15 10:37:30', 0, 14),
(353, '2023-06-15 10:37:31', 5, 16),
(354, '2023-06-15 10:39:00', 59, 13),
(355, '2023-06-15 10:40:46', 423, 22),
(356, '2023-06-15 10:44:30', 22.6, 12),
(357, '2023-06-15 10:44:45', 24.5, 20),
(358, '2023-06-15 10:47:31', 4, 16),
(359, '2023-06-15 10:47:31', 447, 15),
(360, '2023-06-15 10:47:31', 0, 14),
(361, '2023-06-15 10:49:00', 59, 13),
(362, '2023-06-15 10:50:47', 442, 22),
(363, '2023-06-15 10:54:30', 22.6, 12),
(364, '2023-06-15 10:54:45', 24.6, 20),
(365, '2023-06-15 10:57:31', 5, 16),
(366, '2023-06-15 10:57:31', 451, 15),
(367, '2023-06-15 10:58:59', 58.5, 13),
(368, '2023-06-15 11:00:47', 436, 22),
(369, '2023-06-15 11:04:31', 22.6, 12),
(370, '2023-06-15 11:04:45', 24.7, 20),
(371, '2023-06-15 11:07:31', 446, 15),
(372, '2023-06-15 11:07:31', 0, 14),
(373, '2023-06-15 11:07:31', 0, 14),
(374, '2023-06-15 11:07:31', 5, 16),
(375, '2023-06-15 11:09:00', 58.5, 13),
(376, '2023-06-15 11:10:46', 425, 22),
(377, '2023-06-15 11:14:31', 22.6, 12),
(378, '2023-06-15 11:17:30', 454, 15),
(379, '2023-06-15 11:17:30', 0, 14),
(380, '2023-06-15 11:17:31', 5, 16),
(381, '2023-06-15 11:19:00', 58.5, 13),
(382, '2023-06-15 11:20:47', 427, 22),
(383, '2023-06-15 11:24:30', 22.6, 12),
(384, '2023-06-15 11:24:45', 24.9, 20),
(385, '2023-06-15 11:24:45', 24.9, 20),
(386, '2023-06-15 11:27:31', 6, 16),
(387, '2023-06-15 11:27:31', 0, 14),
(388, '2023-06-15 11:27:31', 448, 15),
(389, '2023-06-15 11:28:59', 58.5, 13),
(390, '2023-06-15 11:30:47', 427, 22),
(391, '2023-06-15 11:34:31', 22.6, 12),
(392, '2023-06-15 11:34:46', 25, 20),
(393, '2023-06-15 11:37:31', 450, 15),
(394, '2023-06-15 11:37:31', 0, 14),
(395, '2023-06-15 11:37:32', 8, 16),
(396, '2023-06-15 11:38:59', 58, 13),
(397, '2023-06-15 11:40:49', 431, 22),
(398, '2023-06-15 11:44:31', 22.7, 12),
(399, '2023-06-15 11:44:45', 25.1, 20),
(400, '2023-06-15 11:47:30', 450, 15),
(401, '2023-06-15 11:47:31', 0, 14),
(402, '2023-06-15 11:47:31', 10, 16),
(403, '2023-06-15 11:49:00', 58, 13),
(404, '2023-06-15 11:50:46', 424, 22),
(405, '2023-06-15 11:54:30', 22.7, 12),
(406, '2023-06-15 11:54:45', 25.2, 20),
(407, '2023-06-15 11:57:30', 0, 14),
(408, '2023-06-15 11:57:31', 6, 16),
(409, '2023-06-15 11:57:31', 446, 15),
(410, '2023-06-15 11:58:59', 57.5, 13),
(411, '2023-06-15 12:00:47', 423, 22),
(412, '2023-06-15 12:04:30', 22.7, 12),
(413, '2023-06-15 12:04:45', 25, 20),
(414, '2023-06-15 12:07:31', 8, 16),
(415, '2023-06-15 12:07:31', 444, 15),
(416, '2023-06-15 12:07:31', 0, 14),
(417, '2023-06-15 12:08:59', 57, 13),
(418, '2023-06-15 12:10:47', 415, 22),
(419, '2023-06-15 12:14:31', 22.7, 12),
(420, '2023-06-15 12:14:46', 24.9, 20),
(421, '2023-06-15 12:17:31', 444, 15),
(422, '2023-06-15 12:17:31', 0, 14),
(423, '2023-06-15 12:17:31', 8, 16),
(424, '2023-06-15 12:19:00', 56.5, 13),
(425, '2023-06-15 12:20:46', 417, 22),
(426, '2023-06-15 12:24:31', 22.7, 12),
(427, '2023-06-15 12:27:30', 446, 15),
(428, '2023-06-15 12:27:30', 0, 14),
(429, '2023-06-15 12:27:31', 6, 16),
(430, '2023-06-15 12:29:00', 56, 13),
(431, '2023-06-15 12:30:47', 416, 22),
(432, '2023-06-15 12:34:30', 22.7, 12),
(433, '2023-06-15 12:34:45', 24.8, 20),
(434, '2023-06-15 12:34:45', 24.8, 20),
(435, '2023-06-15 12:37:31', 6, 16),
(436, '2023-06-15 12:37:31', 447, 15),
(437, '2023-06-15 12:37:31', 0, 14),
(438, '2023-06-15 12:38:59', 56, 13),
(439, '2023-06-15 12:40:47', 416, 22),
(440, '2023-06-15 12:44:31', 22.7, 12),
(441, '2023-06-15 12:47:31', 447, 15),
(442, '2023-06-15 12:47:31', 0, 14),
(443, '2023-06-15 12:47:32', 8, 16),
(444, '2023-06-15 12:48:59', 55.5, 13),
(445, '2023-06-15 12:50:46', 418, 22),
(446, '2023-06-15 12:54:31', 22.7, 12),
(447, '2023-06-15 12:54:48', 25, 20),
(448, '2023-06-15 12:54:48', 25, 20),
(449, '2023-06-15 12:57:31', 447, 15),
(450, '2023-06-15 12:57:31', 0, 14),
(451, '2023-06-15 12:57:31', 13, 16),
(452, '2023-06-15 12:59:00', 55.5, 13),
(453, '2023-06-15 13:00:46', 418, 22),
(454, '2023-06-15 13:04:31', 22.7, 12),
(455, '2023-06-15 13:04:45', 25.1, 20),
(456, '2023-06-15 13:07:30', 447, 15),
(457, '2023-06-15 13:07:30', 0, 14),
(458, '2023-06-15 13:07:31', 11, 16),
(459, '2023-06-15 13:09:01', 55.5, 13),
(460, '2023-06-15 13:10:47', 419, 22),
(461, '2023-06-15 13:14:30', 22.8, 12),
(462, '2023-06-15 13:17:31', 14, 16),
(463, '2023-06-15 13:17:31', 447, 15),
(464, '2023-06-15 13:17:31', 0, 14),
(465, '2023-06-15 13:19:01', 55.5, 13),
(466, '2023-06-15 13:20:47', 418, 22),
(467, '2023-06-15 13:24:31', 22.8, 12),
(468, '2023-06-15 13:24:45', 25.2, 20),
(469, '2023-06-15 13:24:45', 25.2, 20),
(470, '2023-06-15 13:27:31', 456, 15),
(471, '2023-06-15 13:27:31', 0, 14),
(472, '2023-06-15 13:27:32', 10, 16),
(473, '2023-06-15 13:29:01', 55.5, 13),
(474, '2023-06-15 13:30:46', 414, 22),
(475, '2023-06-15 13:34:31', 22.8, 12),
(476, '2023-06-15 13:34:45', 25.2, 20),
(477, '2023-06-15 13:37:30', 462, 15),
(478, '2023-06-15 13:37:30', 0, 14),
(479, '2023-06-15 13:37:31', 15, 16),
(480, '2023-06-15 13:39:00', 55.5, 13),
(481, '2023-06-15 13:40:46', 419, 22),
(482, '2023-06-15 13:44:30', 22.8, 12),
(483, '2023-06-15 13:44:45', 25.1, 20),
(484, '2023-06-15 13:47:31', 10, 16),
(485, '2023-06-15 13:47:31', 475, 15),
(486, '2023-06-15 13:47:31', 0, 14),
(487, '2023-06-15 13:48:59', 55, 13),
(488, '2023-06-15 13:50:47', 417, 22),
(489, '2023-06-15 13:54:30', 22.8, 12),
(490, '2023-06-15 13:54:45', 25.1, 20),
(491, '2023-06-15 13:56:14', 22.2, 26),
(492, '2023-06-15 13:57:31', 13, 16),
(493, '2023-06-15 13:57:31', 479, 15),
(494, '2023-06-15 13:57:31', 0, 14),
(495, '2023-06-15 13:58:59', 55.5, 13),
(496, '2023-06-15 14:00:47', 416, 22),
(497, '2023-06-15 14:04:31', 22.9, 12),
(498, '2023-06-15 14:06:14', 22.3, 26),
(499, '2023-06-15 14:07:31', 476, 15),
(500, '2023-06-15 14:07:31', 0, 14),
(501, '2023-06-15 14:07:31', 13, 16),
(502, '2023-06-15 14:09:00', 55.5, 13),
(503, '2023-06-15 14:10:46', 412, 22),
(504, '2023-06-15 14:14:31', 22.9, 12),
(505, '2023-06-15 14:14:45', 25, 20),
(506, '2023-06-15 14:14:45', 25, 20),
(507, '2023-06-15 14:16:14', 22.3, 26),
(508, '2023-06-15 14:17:30', 477, 15),
(509, '2023-06-15 14:17:30', 0, 14),
(510, '2023-06-15 14:17:31', 12, 16),
(511, '2023-06-15 14:19:00', 55.5, 13),
(512, '2023-06-15 14:20:47', 414, 22),
(513, '2023-06-15 14:24:30', 22.9, 12),
(514, '2023-06-15 14:24:45', 25.1, 20),
(515, '2023-06-15 14:26:15', 22.4, 26),
(516, '2023-06-15 14:27:31', 16, 16),
(517, '2023-06-15 14:27:31', 477, 15),
(518, '2023-06-15 14:27:31', 0, 14),
(519, '2023-06-15 14:28:59', 55.5, 13),
(520, '2023-06-15 14:30:47', 415, 22),
(521, '2023-06-15 14:34:31', 22.9, 12),
(522, '2023-06-15 14:34:45', 25.1, 20),
(523, '2023-06-15 14:36:14', 22.5, 26),
(524, '2023-06-15 14:37:31', 481, 15),
(525, '2023-06-15 14:37:31', 0, 14),
(526, '2023-06-15 14:37:32', 56, 16),
(527, '2023-06-15 14:38:59', 55.5, 13),
(528, '2023-06-15 14:40:46', 420, 22),
(529, '2023-06-15 14:44:31', 22.9, 12),
(530, '2023-06-15 14:44:45', 25.2, 20),
(531, '2023-06-15 14:46:15', 22.7, 26),
(532, '2023-06-15 14:47:30', 478, 15),
(533, '2023-06-15 14:47:31', 0, 14),
(534, '2023-06-15 14:47:31', 55, 16),
(535, '2023-06-15 14:49:01', 55.5, 13),
(536, '2023-06-15 14:50:46', 415, 22),
(537, '2023-06-15 14:54:30', 23, 12),
(538, '2023-06-15 14:54:45', 25.3, 20),
(539, '2023-06-15 14:56:15', 22.9, 26),
(540, '2023-06-15 14:57:30', 20, 14),
(541, '2023-06-15 14:57:31', 59, 16),
(542, '2023-06-15 14:57:31', 479, 15),
(543, '2023-06-15 14:59:01', 55.5, 13),
(544, '2023-06-15 15:00:47', 417, 22),
(545, '2023-06-15 15:04:30', 23, 12),
(546, '2023-06-15 15:04:45', 25.3, 20),
(547, '2023-06-15 15:06:14', 22.9, 26),
(548, '2023-06-15 15:07:31', 59, 16),
(549, '2023-06-15 15:07:31', 476, 15),
(550, '2023-06-15 15:07:31', 4, 14),
(551, '2023-06-15 15:08:59', 55.5, 13),
(552, '2023-06-15 15:10:47', 414, 22),
(553, '2023-06-15 15:14:31', 23, 12),
(554, '2023-06-15 15:14:46', 25.4, 20),
(555, '2023-06-15 15:16:14', 23.1, 26),
(556, '2023-06-15 15:17:31', 474, 15),
(557, '2023-06-15 15:17:31', 0, 14),
(558, '2023-06-15 15:17:31', 57, 16),
(559, '2023-06-15 15:19:00', 56, 13),
(560, '2023-06-15 15:20:46', 407, 22),
(561, '2023-06-15 15:24:31', 23, 12),
(562, '2023-06-15 15:24:48', 25.5, 20),
(563, '2023-06-15 15:26:15', 23.1, 26),
(564, '2023-06-15 15:27:30', 471, 15),
(565, '2023-06-15 15:27:30', 0, 14),
(566, '2023-06-15 15:27:31', 58, 16),
(567, '2023-06-15 15:29:00', 56, 13),
(568, '2023-06-15 15:30:47', 410, 22),
(569, '2023-06-15 15:34:30', 23, 12),
(570, '2023-06-15 15:34:45', 25.6, 20),
(571, '2023-06-15 15:36:13', 23.2, 26),
(572, '2023-06-15 15:37:31', 468, 15),
(573, '2023-06-15 15:37:31', 58, 16),
(574, '2023-06-15 15:37:31', 48, 14),
(575, '2023-06-15 15:38:59', 56, 13),
(576, '2023-06-15 15:40:47', 411, 22),
(577, '2023-06-15 15:44:31', 23, 12),
(578, '2023-06-15 15:44:45', 25.8, 20),
(579, '2023-06-15 15:46:14', 23.3, 26),
(580, '2023-06-15 15:47:31', 468, 15),
(581, '2023-06-15 15:47:31', 103, 14),
(582, '2023-06-15 15:47:32', 58, 16),
(583, '2023-06-15 15:48:59', 56, 13),
(584, '2023-06-15 15:50:47', 414, 22),
(585, '2023-06-15 15:54:31', 23, 12),
(586, '2023-06-15 15:54:45', 25.9, 20),
(587, '2023-06-15 15:56:15', 23.3, 26),
(588, '2023-06-15 15:57:31', 463, 15),
(589, '2023-06-15 15:57:31', 0, 14),
(590, '2023-06-15 15:57:31', 58, 16),
(591, '2023-06-15 15:59:00', 56, 13),
(592, '2023-06-15 16:00:46', 407, 22),
(593, '2023-06-15 16:04:31', 23, 12),
(594, '2023-06-15 16:04:45', 26, 20),
(595, '2023-06-15 16:06:15', 23.4, 26),
(596, '2023-06-15 16:07:30', 469, 15),
(597, '2023-06-15 16:07:30', 0, 14),
(598, '2023-06-15 16:07:31', 58, 16),
(599, '2023-06-15 16:09:00', 56, 13),
(600, '2023-06-15 16:10:47', 415, 22),
(601, '2023-06-15 16:14:30', 23, 12),
(602, '2023-06-15 16:14:45', 26.3, 20),
(603, '2023-06-15 16:16:15', 23.5, 26),
(604, '2023-06-15 16:17:31', 56, 16),
(605, '2023-06-15 16:17:31', 468, 15),
(606, '2023-06-15 16:17:31', 1, 14),
(607, '2023-06-15 16:18:59', 56, 13),
(608, '2023-06-15 16:20:47', 414, 22),
(609, '2023-06-15 16:24:31', 23, 12),
(610, '2023-06-15 16:24:46', 26.3, 20),
(611, '2023-06-15 16:26:14', 23.6, 26),
(612, '2023-06-15 16:27:31', 464, 15),
(613, '2023-06-15 16:27:31', 2, 14),
(614, '2023-06-15 16:27:32', 53, 16),
(615, '2023-06-15 16:29:00', 56.5, 13),
(616, '2023-06-15 16:30:47', 414, 22),
(617, '2023-06-15 16:34:31', 23, 12),
(618, '2023-06-15 16:34:45', 25.9, 20),
(619, '2023-06-15 16:36:15', 23.7, 26),
(620, '2023-06-15 16:37:30', 470, 15),
(621, '2023-06-15 16:37:30', 0, 14),
(622, '2023-06-15 16:37:31', 54, 16),
(623, '2023-06-15 16:39:00', 56.5, 13),
(624, '2023-06-15 16:40:47', 416, 22),
(625, '2023-06-15 16:44:30', 23, 12),
(626, '2023-06-15 16:44:45', 25.7, 20),
(627, '2023-06-15 16:46:15', 23.7, 26),
(628, '2023-06-15 16:47:31', 53, 16),
(629, '2023-06-15 16:47:31', 469, 15),
(630, '2023-06-15 16:47:31', 13, 14),
(631, '2023-06-15 16:48:59', 56.5, 13),
(632, '2023-06-15 16:50:47', 414, 22),
(633, '2023-06-15 16:54:30', 23, 12),
(634, '2023-06-15 16:54:45', 25.7, 20),
(635, '2023-06-15 16:56:15', 23.8, 26),
(636, '2023-06-15 16:57:31', 54, 16),
(637, '2023-06-15 16:57:31', 460, 15),
(638, '2023-06-15 16:57:31', 44, 14),
(639, '2023-06-15 16:58:59', 56.5, 13),
(640, '2023-06-15 17:04:31', 23, 12),
(641, '2023-06-15 17:04:45', 25.6, 20),
(642, '2023-06-15 17:06:14', 23.9, 26),
(643, '2023-06-15 17:07:31', 458, 15),
(644, '2023-06-15 17:07:31', 9, 14),
(645, '2023-06-15 17:07:32', 56, 16),
(646, '2023-06-15 17:09:00', 56.5, 13),
(647, '2023-06-15 17:10:46', 413, 22),
(648, '2023-06-15 17:10:46', 413, 22),
(649, '2023-06-15 17:14:31', 23, 12),
(650, '2023-06-15 17:14:45', 25.6, 20),
(651, '2023-06-15 17:16:15', 24, 26),
(652, '2023-06-15 17:17:30', 454, 15),
(653, '2023-06-15 17:17:30', 0, 14),
(654, '2023-06-15 17:17:31', 56, 16),
(655, '2023-06-15 17:19:00', 56.5, 13),
(656, '2023-06-15 17:20:47', 416, 22),
(657, '2023-06-15 17:24:30', 23, 12),
(658, '2023-06-15 17:26:15', 24, 26),
(659, '2023-06-15 17:27:31', 53, 16),
(660, '2023-06-15 17:27:31', 446, 15),
(661, '2023-06-15 17:27:31', 0, 14),
(662, '2023-06-15 17:28:59', 56.5, 13),
(663, '2023-06-15 17:30:47', 414, 22),
(664, '2023-06-15 17:34:31', 23, 12),
(665, '2023-06-15 17:34:45', 25.5, 20),
(666, '2023-06-15 17:34:45', 25.5, 20),
(667, '2023-06-15 17:36:14', 24.1, 26),
(668, '2023-06-15 17:37:31', 450, 15),
(669, '2023-06-15 17:37:31', 0, 14),
(670, '2023-06-15 17:37:32', 30, 16),
(671, '2023-06-15 17:38:59', 56.5, 13),
(672, '2023-06-15 17:40:47', 413, 22),
(673, '2023-06-15 17:44:31', 22.9, 12),
(674, '2023-06-15 17:44:45', 25.5, 20),
(675, '2023-06-15 17:46:15', 24.2, 26),
(676, '2023-06-15 17:47:30', 452, 15),
(677, '2023-06-15 17:47:31', 0, 14),
(678, '2023-06-15 17:47:31', 15, 16),
(679, '2023-06-15 17:49:00', 57, 13),
(680, '2023-06-15 17:50:46', 414, 22),
(681, '2023-06-15 17:54:31', 23, 12),
(682, '2023-06-15 17:54:45', 25.5, 20),
(683, '2023-06-15 17:56:15', 24.3, 26),
(684, '2023-06-15 17:57:30', 0, 14),
(685, '2023-06-15 17:57:31', 13, 16),
(686, '2023-06-15 17:57:31', 449, 15),
(687, '2023-06-16 09:17:31', 484, 15),
(688, '2023-06-16 09:17:31', 0, 14),
(689, '2023-06-16 09:17:32', 25, 16),
(690, '2023-06-16 09:19:00', 57.5, 13),
(691, '2023-06-16 09:20:47', 497, 22),
(692, '2023-06-16 09:20:47', 497, 22),
(693, '2023-06-16 09:24:31', 24, 12),
(694, '2023-06-16 09:24:31', 24, 12),
(695, '2023-06-16 09:24:45', 25.9, 20),
(696, '2023-06-16 09:24:45', 25.9, 20),
(697, '2023-06-16 09:26:14', 24, 26),
(698, '2023-06-16 09:26:14', 24, 26),
(699, '2023-06-16 09:27:30', 474, 15),
(700, '2023-06-16 09:27:31', 0, 14),
(701, '2023-06-16 09:27:31', 23, 16),
(702, '2023-06-16 09:28:59', 57.5, 13),
(703, '2023-06-16 09:30:48', 486, 22),
(704, '2023-06-16 09:34:30', 24, 12),
(705, '2023-06-16 09:34:45', 25.9, 20),
(706, '2023-06-16 09:36:13', 24, 26),
(707, '2023-06-16 09:37:31', 23, 16),
(708, '2023-06-16 09:37:31', 480, 15),
(709, '2023-06-16 09:37:31', 0, 14),
(710, '2023-06-16 09:38:59', 57.5, 13),
(711, '2023-06-16 09:40:47', 483, 22),
(712, '2023-06-16 09:44:31', 24, 12),
(713, '2023-06-16 09:44:45', 25.9, 20),
(714, '2023-06-16 09:46:13', 24, 26),
(715, '2023-06-16 09:47:31', 483, 15),
(716, '2023-06-16 09:47:31', 0, 14),
(717, '2023-06-16 09:47:32', 23, 16),
(718, '2023-06-16 09:48:59', 58, 13),
(719, '2023-06-16 09:50:47', 475, 22),
(720, '2023-06-16 09:54:31', 24.1, 12),
(721, '2023-06-16 09:54:46', 25.9, 20),
(722, '2023-06-16 09:56:14', 24, 26),
(723, '2023-06-16 09:57:31', 482, 15),
(724, '2023-06-16 09:57:31', 0, 14),
(725, '2023-06-16 09:57:32', 25, 16),
(726, '2023-06-16 09:59:00', 58, 13),
(727, '2023-06-16 10:00:47', 476, 22),
(728, '2023-06-16 10:04:30', 24.1, 12),
(729, '2023-06-16 10:04:45', 25.9, 20),
(730, '2023-06-16 10:06:14', 24, 26),
(731, '2023-06-16 10:07:30', 482, 15),
(732, '2023-06-16 10:07:30', 42, 14),
(733, '2023-06-16 10:07:31', 23, 16),
(734, '2023-06-16 10:08:59', 58, 13),
(735, '2023-06-16 10:10:47', 467, 22),
(736, '2023-06-16 10:14:30', 24.1, 12),
(737, '2023-06-16 10:14:45', 25.9, 20),
(738, '2023-06-16 10:16:13', 24, 26),
(739, '2023-06-16 10:17:31', 21, 16),
(740, '2023-06-16 10:17:31', 487, 15),
(741, '2023-06-16 10:17:31', 0, 14),
(742, '2023-06-16 10:18:59', 58, 13),
(743, '2023-06-16 10:20:50', 466, 22),
(744, '2023-06-16 10:24:31', 24.1, 12),
(745, '2023-06-16 10:24:45', 26, 20),
(746, '2023-06-16 10:26:13', 24, 26),
(747, '2023-06-16 10:27:31', 483, 15),
(748, '2023-06-16 10:27:31', 13, 14),
(749, '2023-06-16 10:27:32', 19, 16),
(750, '2023-06-16 10:29:00', 58, 13),
(751, '2023-06-16 10:30:47', 462, 22),
(752, '2023-06-16 10:34:31', 24.1, 12),
(753, '2023-06-16 10:34:45', 26, 20),
(754, '2023-06-16 10:36:14', 24.1, 26),
(755, '2023-06-16 10:37:30', 487, 15),
(756, '2023-06-16 10:37:31', 0, 14),
(757, '2023-06-16 10:37:31', 21, 16),
(758, '2023-06-16 10:38:59', 58, 13),
(759, '2023-06-16 10:40:48', 456, 22),
(760, '2023-06-16 10:44:30', 24.1, 12),
(761, '2023-06-16 10:44:45', 26, 20),
(762, '2023-06-16 10:46:13', 24.1, 26),
(763, '2023-06-16 10:47:30', 0, 14),
(764, '2023-06-16 10:47:31', 23, 16),
(765, '2023-06-16 10:47:31', 490, 15),
(766, '2023-06-16 10:48:59', 58, 13),
(767, '2023-06-16 10:50:47', 455, 22),
(768, '2023-06-16 10:54:30', 24, 12),
(769, '2023-06-16 10:54:45', 25.8, 20),
(770, '2023-06-16 10:56:13', 24.1, 26),
(771, '2023-06-16 10:57:31', 19, 16),
(772, '2023-06-16 10:57:31', 493, 15),
(773, '2023-06-16 10:57:31', 0, 14),
(774, '2023-06-16 10:58:59', 58, 13),
(775, '2023-06-16 11:00:47', 453, 22),
(776, '2023-06-16 11:04:31', 24, 12),
(777, '2023-06-16 11:04:46', 25.3, 20),
(778, '2023-06-16 11:06:13', 24.1, 26),
(779, '2023-06-16 11:07:31', 493, 15),
(780, '2023-06-16 11:07:31', 0, 14),
(781, '2023-06-16 11:07:32', 19, 16),
(782, '2023-06-16 11:09:00', 58, 13),
(783, '2023-06-16 11:10:47', 444, 22),
(784, '2023-06-16 11:14:30', 23.9, 12),
(785, '2023-06-16 11:14:45', 25, 20),
(786, '2023-06-16 11:16:14', 24.1, 26),
(787, '2023-06-16 11:17:30', 500, 15),
(788, '2023-06-16 11:17:30', 0, 14),
(789, '2023-06-16 11:17:31', 19, 16),
(790, '2023-06-16 11:18:59', 58.5, 13),
(791, '2023-06-16 11:20:48', 452, 22),
(792, '2023-06-16 11:24:30', 23.9, 12),
(793, '2023-06-16 11:24:45', 24.9, 20),
(794, '2023-06-16 11:26:13', 24.1, 26),
(795, '2023-06-16 11:27:31', 21, 16),
(796, '2023-06-16 11:27:31', 498, 15),
(797, '2023-06-16 11:27:31', 0, 14),
(798, '2023-06-16 11:28:59', 58.5, 13),
(799, '2023-06-16 11:30:47', 446, 22),
(800, '2023-06-16 11:34:31', 23.8, 12),
(801, '2023-06-16 11:34:45', 25.1, 20),
(802, '2023-06-16 11:36:13', 24.1, 26),
(803, '2023-06-16 11:37:31', 503, 15),
(804, '2023-06-16 11:37:31', 0, 14),
(805, '2023-06-16 11:37:32', 17, 16),
(806, '2023-06-16 11:38:59', 58.5, 13),
(807, '2023-06-16 11:40:47', 439, 22),
(808, '2023-06-16 11:44:31', 23.8, 12),
(809, '2023-06-16 11:44:45', 25.2, 20),
(810, '2023-06-16 11:46:14', 24.1, 26),
(811, '2023-06-16 11:47:30', 506, 15),
(812, '2023-06-16 11:47:31', 0, 14),
(813, '2023-06-16 11:47:31', 17, 16),
(814, '2023-06-16 11:49:00', 58.5, 13),
(815, '2023-06-16 11:50:47', 440, 22),
(816, '2023-06-16 11:54:30', 23.8, 12),
(817, '2023-06-16 11:54:45', 25.2, 20),
(818, '2023-06-16 11:56:13', 24.2, 26),
(819, '2023-06-16 11:57:30', 0, 14),
(820, '2023-06-16 11:57:31', 17, 16),
(821, '2023-06-16 11:57:31', 501, 15),
(822, '2023-06-16 11:58:59', 58.5, 13),
(823, '2023-06-16 12:00:47', 444, 22),
(824, '2023-06-16 12:04:30', 23.7, 12),
(825, '2023-06-16 12:04:45', 25.3, 20),
(826, '2023-06-16 12:06:13', 24.2, 26),
(827, '2023-06-16 12:07:31', 498, 15),
(828, '2023-06-16 12:07:31', 16, 16),
(829, '2023-06-16 12:07:31', 0, 14),
(830, '2023-06-16 12:08:59', 58.5, 13),
(831, '2023-06-16 12:14:31', 23.7, 12),
(832, '2023-06-16 12:14:45', 25.4, 20),
(833, '2023-06-16 12:16:13', 24.2, 26),
(834, '2023-06-16 12:17:31', 503, 15),
(835, '2023-06-16 12:17:31', 0, 14),
(836, '2023-06-16 12:17:32', 18, 16),
(837, '2023-06-16 12:19:00', 59, 13),
(838, '2023-06-16 12:20:47', 430, 22),
(839, '2023-06-16 12:20:47', 430, 22),
(840, '2023-06-16 12:24:31', 23.7, 12),
(841, '2023-06-16 12:24:45', 25.5, 20),
(842, '2023-06-16 12:26:14', 24.2, 26),
(843, '2023-06-16 12:27:30', 494, 15),
(844, '2023-06-16 12:27:30', 0, 14),
(845, '2023-06-16 12:27:31', 18, 16),
(846, '2023-06-16 12:28:59', 59, 13),
(847, '2023-06-16 12:30:48', 433, 22),
(848, '2023-06-16 12:34:30', 23.6, 12),
(849, '2023-06-16 12:34:45', 25.5, 20),
(850, '2023-06-16 12:36:13', 24.2, 26),
(851, '2023-06-16 12:37:30', 0, 14),
(852, '2023-06-16 12:37:31', 13, 16),
(853, '2023-06-16 12:38:59', 59, 13),
(854, '2023-06-16 12:40:47', 427, 22),
(855, '2023-06-16 13:00:47', 427, 22),
(856, '2023-06-16 13:04:31', 23.6, 12),
(857, '2023-06-16 13:04:45', 25.8, 20),
(858, '2023-06-16 13:06:15', 24.3, 26),
(859, '2023-06-16 13:07:31', 0, 14),
(860, '2023-06-16 13:07:31', 493, 15),
(861, '2023-06-16 13:07:31', 12, 16),
(862, '2023-06-16 13:08:59', 59, 13),
(863, '2023-06-16 13:10:48', 426, 22),
(864, '2023-06-16 13:14:30', 23.6, 12),
(865, '2023-06-16 13:14:45', 25.9, 20),
(866, '2023-06-16 13:16:15', 24.3, 26),
(867, '2023-06-16 13:17:31', 13, 16),
(868, '2023-06-16 13:17:31', 494, 15),
(869, '2023-06-16 13:17:31', 0, 14),
(870, '2023-06-16 13:18:59', 59, 13),
(871, '2023-06-16 13:20:48', 426, 22),
(872, '2023-06-16 13:24:31', 23.6, 12),
(873, '2023-06-16 13:24:45', 26, 20),
(874, '2023-06-16 13:26:14', 24.4, 26),
(875, '2023-06-16 13:27:31', 489, 15),
(876, '2023-06-16 13:27:31', 8, 14),
(877, '2023-06-16 13:27:32', 13, 16),
(878, '2023-06-16 13:29:00', 59, 13),
(879, '2023-06-16 13:30:47', 421, 22),
(880, '2023-06-16 13:34:31', 23.5, 12),
(881, '2023-06-16 13:34:46', 26, 20),
(882, '2023-06-16 13:36:15', 24.5, 26),
(883, '2023-06-16 13:37:31', 15, 14),
(884, '2023-06-16 13:37:31', 488, 15),
(885, '2023-06-16 13:37:31', 14, 16),
(886, '2023-06-16 13:39:00', 59, 13),
(887, '2023-06-16 13:40:48', 422, 22),
(888, '2023-06-16 13:44:30', 23.5, 12),
(889, '2023-06-16 13:44:45', 26.1, 20),
(890, '2023-06-16 13:46:15', 24.6, 26),
(891, '2023-06-16 13:47:30', 0, 14),
(892, '2023-06-16 13:47:31', 13, 16),
(893, '2023-06-16 13:49:00', 59, 13),
(894, '2023-06-16 13:50:48', 424, 22),
(895, '2023-06-16 13:54:30', 23.5, 12),
(896, '2023-06-16 13:54:45', 26.1, 20),
(897, '2023-06-16 13:56:14', 24.7, 26),
(898, '2023-06-16 13:57:31', 490, 15),
(899, '2023-06-16 13:57:31', 490, 15),
(900, '2023-06-16 13:57:31', 13, 16),
(901, '2023-06-16 13:57:31', 45, 14),
(902, '2023-06-16 13:58:59', 59, 13),
(903, '2023-06-16 14:00:47', 421, 22),
(904, '2023-06-16 14:04:31', 23.5, 12),
(905, '2023-06-16 14:04:46', 26.2, 20),
(906, '2023-06-16 14:06:14', 24.8, 26),
(907, '2023-06-16 14:07:31', 482, 15),
(908, '2023-06-16 14:07:31', 84, 14),
(909, '2023-06-16 14:07:32', 14, 16),
(910, '2023-06-16 14:09:00', 59, 13),
(911, '2023-06-16 14:14:31', 23.5, 12),
(912, '2023-06-16 14:14:46', 26.2, 20),
(913, '2023-06-16 14:16:15', 24.9, 26),
(914, '2023-06-16 14:17:30', 478, 15),
(915, '2023-06-16 14:17:31', 134, 14),
(916, '2023-06-16 14:17:31', 12, 16),
(917, '2023-06-16 14:19:01', 59, 13),
(918, '2023-06-16 14:20:48', 417, 22),
(919, '2023-06-16 14:20:48', 417, 22),
(920, '2023-06-16 14:24:30', 23.5, 12),
(921, '2023-06-16 14:24:45', 26.3, 20),
(922, '2023-06-16 14:26:15', 24.9, 26),
(923, '2023-06-16 14:27:31', 14, 16),
(924, '2023-06-16 14:27:31', 54, 14),
(925, '2023-06-16 14:27:33', 482, 15),
(926, '2023-06-16 14:29:00', 60.5, 13),
(927, '2023-06-16 14:30:47', 424, 22),
(928, '2023-06-16 14:34:31', 23.5, 12),
(929, '2023-06-16 14:34:45', 26.1, 20),
(930, '2023-06-16 14:36:13', 24.9, 26),
(931, '2023-06-16 14:37:31', 485, 15),
(932, '2023-06-16 14:37:31', 0, 14),
(933, '2023-06-16 14:37:32', 14, 16),
(934, '2023-06-16 14:39:00', 62.5, 13),
(936, '2023-06-16 14:40:47', 418, 22),
(937, '2023-06-16 14:44:31', 23.4, 12),
(938, '2023-06-16 14:44:46', 25.6, 20),
(939, '2023-06-16 14:46:14', 24.9, 26),
(940, '2023-06-16 14:47:31', 478, 15),
(941, '2023-06-16 14:47:31', 0, 14),
(942, '2023-06-16 14:47:31', 14, 16),
(943, '2023-06-16 14:49:01', 62.5, 13),
(945, '2023-06-16 14:50:47', 416, 22),
(946, '2023-06-16 14:54:31', 23.4, 12),
(947, '2023-06-16 14:54:45', 25.2, 20),
(948, '2023-06-16 14:56:13', 24.9, 26),
(949, '2023-06-16 14:57:31', 0, 14),
(950, '2023-06-16 14:57:31', 484, 15),
(951, '2023-06-16 14:57:31', 14, 16),
(952, '2023-06-16 14:59:01', 60, 13),
(953, '2023-06-16 15:00:48', 419, 22),
(954, '2023-06-16 15:03:58', 24.9, 26),
(955, '2023-06-16 15:05:15', 489, 15),
(956, '2023-06-16 15:05:15', 0, 14),
(957, '2023-06-16 15:05:16', 14, 16),
(958, '2023-06-16 15:06:45', 58.5, 13),
(959, '2023-06-16 15:12:15', 23.4, 12),
(960, '2023-06-16 15:12:15', 23.4, 12),
(961, '2023-06-16 15:12:30', 24.7, 20),
(962, '2023-06-16 15:12:30', 24.7, 20),
(963, '2023-06-16 15:26:14', 24.9, 26),
(964, '2023-06-16 15:27:30', 488, 15),
(965, '2023-06-16 15:27:31', 0, 14),
(966, '2023-06-16 15:27:31', 16, 16),
(967, '2023-06-16 15:29:01', 59, 13),
(968, '2023-06-16 15:30:48', 413, 22),
(969, '2023-06-16 15:30:48', 413, 22),
(970, '2023-06-16 15:34:30', 23.4, 12),
(971, '2023-06-16 15:34:45', 24.6, 20),
(972, '2023-06-16 15:36:14', 24.9, 26),
(973, '2023-06-16 15:37:30', 0, 14),
(974, '2023-06-16 15:37:31', 16, 16),
(975, '2023-06-16 15:39:01', 59.5, 13),
(976, '2023-06-16 15:40:48', 415, 22),
(977, '2023-06-16 15:44:31', 23.4, 12),
(978, '2023-06-16 15:44:45', 24.6, 20),
(979, '2023-06-16 15:46:13', 24.9, 26),
(980, '2023-06-16 15:47:31', 482, 15),
(981, '2023-06-16 15:47:31', 8, 14),
(982, '2023-06-16 15:47:31', 482, 15),
(983, '2023-06-16 15:47:32', 16, 16),
(984, '2023-06-16 15:49:00', 59.5, 13),
(985, '2023-06-16 15:50:47', 419, 22),
(986, '2023-06-16 15:54:31', 23.4, 12),
(987, '2023-06-16 15:54:46', 24.5, 20),
(988, '2023-06-16 15:56:14', 24.9, 26),
(989, '2023-06-16 15:57:31', 0, 14),
(990, '2023-06-16 15:57:31', 478, 15),
(991, '2023-06-16 15:57:32', 14, 16),
(992, '2023-06-16 15:59:00', 59.5, 13),
(993, '2023-06-16 16:00:47', 416, 22),
(994, '2023-06-16 16:04:31', 23.4, 12),
(995, '2023-06-16 16:04:45', 24.5, 20);

-- --------------------------------------------------------

--
-- Structure de la table `sensor`
--

CREATE TABLE `sensor` (
  `ID_sensor` int(9) NOT NULL,
  `Type_sensor` varchar(50) NOT NULL,
  `Room_sensor` varchar(50) NOT NULL,
  `ID_building` int(5) NOT NULL
) ENGINE=InnoDB DEFAULT CHARSET=utf8 COLLATE=utf8_general_ci;

--
-- Déchargement des données de la table `sensor`
--

INSERT INTO `sensor` (`ID_sensor`, `Type_sensor`, `Room_sensor`, `ID_building`) VALUES
(12, 'temperature', 'B002', 23),
(13, 'humidity', 'B202', 23),
(14, 'activity', 'B212', 23),
(15, 'co2', 'B217', 23),
(16, 'illumination', 'B113', 23),
(20, 'temperature', 'E102', 24),
(22, 'co2', 'E003', 24),
(26, 'temperature', 'B201', 23);

-- --------------------------------------------------------

--
-- Doublure de structure pour la vue `view_login`
-- (Voir ci-dessous la vue réelle)
--
CREATE TABLE `view_login` (
`Login` varchar(50)
,`Password` varchar(2500)
,`Privileges` varchar(7)
,`Building` varchar(40)
);

-- --------------------------------------------------------

--
-- Doublure de structure pour la vue `view_manager_page`
-- (Voir ci-dessous la vue réelle)
--
CREATE TABLE `view_manager_page` (
`Type_Sensor` varchar(50)
,`Building` varchar(40)
,`Room` varchar(50)
,`Value` float
,`Date` varchar(10)
,`Time` varchar(13)
);

-- --------------------------------------------------------

--
-- Doublure de structure pour la vue `view_sensor_admin`
-- (Voir ci-dessous la vue réelle)
--
CREATE TABLE `view_sensor_admin` (
`id` int(9)
,`Type` varchar(50)
,`Room` varchar(50)
,`Building` varchar(40)
);

-- --------------------------------------------------------

--
-- Doublure de structure pour la vue `view_sensor_page`
-- (Voir ci-dessous la vue réelle)
--
CREATE TABLE `view_sensor_page` (
`ID_building` int(5)
,`Type_sensor` varchar(50)
,`Building` varchar(40)
,`Room` varchar(50)
,`Value` float
,`Date` varchar(10)
,`Time` varchar(13)
);

-- --------------------------------------------------------

--
-- Structure de la vue `view_login`
--
DROP TABLE IF EXISTS `view_login`;

CREATE VIEW `view_login`  AS SELECT `admin`.`Login` AS `Login`, `admin`.`Password` AS `Password`, 'Admin' AS `Privileges`, NULL AS `Building` FROM `admin`union all select `building`.`Login_manager` AS `Login`,`building`.`Password_manager` AS `Password`,'Manager' AS `Privileges`,`building`.`Name_building` AS `Building` from `building` ;

-- --------------------------------------------------------

--
-- Structure de la vue `view_manager_page`
--
DROP TABLE IF EXISTS `view_manager_page`;

CREATE VIEW `view_manager_page`  AS SELECT `sensor`.`Type_sensor` AS `Type_Sensor`, `building`.`Name_building` AS `Building`, `sensor`.`Room_sensor` AS `Room`, `measure`.`Value` AS `Value`, date_format(`measure`.`Date`,'%d/%m/%Y') AS `Date`, time_format(`measure`.`Date`,'%H:%i:%s') AS `Time` FROM ((`sensor` join `measure` on(`measure`.`ID_Sensor` = `sensor`.`ID_sensor`)) join `building` on(`building`.`ID_building` = `sensor`.`ID_building`)) ;

-- --------------------------------------------------------

--
-- Structure de la vue `view_sensor_admin`
--
DROP TABLE IF EXISTS `view_sensor_admin`;

CREATE VIEW `view_sensor_admin`  AS SELECT `sensor`.`ID_sensor` AS `id`, `sensor`.`Type_sensor` AS `Type`, `sensor`.`Room_sensor` AS `Room`, `building`.`Name_building` AS `Building` FROM (`sensor` join `building` on(`building`.`ID_building` = `sensor`.`ID_building`)) ;

-- --------------------------------------------------------

--
-- Structure de la vue `view_sensor_page`
--
DROP TABLE IF EXISTS `view_sensor_page`;

CREATE VIEW `view_sensor_page`  AS SELECT `b`.`ID_building` AS `ID_building`, `s`.`Type_sensor` AS `Type_sensor`, `b`.`Name_building` AS `Building`, `s`.`Room_sensor` AS `Room`, `m`.`Value` AS `Value`, date_format(`m`.`Date`,'%d/%m/%Y') AS `Date`, date_format(`m`.`Date`,'%H:%i:%s') AS `Time` FROM (((`building` `b` join `sensor` `s` on(`b`.`ID_building` = `s`.`ID_building`)) join `measure` `m` on(`s`.`ID_sensor` = `m`.`ID_Sensor`)) join (select `measure`.`ID_Sensor` AS `ID_sensor`,max(`measure`.`Date`) AS `MaxDate` from `measure` group by `measure`.`ID_Sensor`) `latest` on(`m`.`ID_Sensor` = `latest`.`ID_sensor` and `m`.`Date` = `latest`.`MaxDate`)) ;

--
-- Index pour les tables déchargées
--

--
-- Index pour la table `admin`
--
ALTER TABLE `admin`
  ADD PRIMARY KEY (`Login`),
  ADD UNIQUE KEY `Email` (`Email`);

--
-- Index pour la table `building`
--
ALTER TABLE `building`
  ADD PRIMARY KEY (`ID_building`),
  ADD UNIQUE KEY `Email_manager` (`Email_manager`),
  ADD UNIQUE KEY `Name_building` (`Name_building`);

--
-- Index pour la table `measure`
--
ALTER TABLE `measure`
  ADD PRIMARY KEY (`ID_measure`),
  ADD KEY `ID_Sensor` (`ID_Sensor`);

--
-- Index pour la table `sensor`
--
ALTER TABLE `sensor`
  ADD PRIMARY KEY (`ID_sensor`),
  ADD UNIQUE KEY `Name_Sensor` (`Room_sensor`),
  ADD KEY `ID_building` (`ID_building`);

--
-- AUTO_INCREMENT pour les tables déchargées
--

--
-- AUTO_INCREMENT pour la table `building`
--
ALTER TABLE `building`
  MODIFY `ID_building` int(5) NOT NULL AUTO_INCREMENT, AUTO_INCREMENT=28;

--
-- AUTO_INCREMENT pour la table `measure`
--
ALTER TABLE `measure`
  MODIFY `ID_measure` int(9) NOT NULL AUTO_INCREMENT, AUTO_INCREMENT=996;

--
-- AUTO_INCREMENT pour la table `sensor`
--
ALTER TABLE `sensor`
  MODIFY `ID_sensor` int(9) NOT NULL AUTO_INCREMENT, AUTO_INCREMENT=29;

--
-- Contraintes pour les tables déchargées
--

--
-- Contraintes pour la table `measure`
--
ALTER TABLE `measure`
  ADD CONSTRAINT `measure_ibfk_1` FOREIGN KEY (`ID_Sensor`) REFERENCES `sensor` (`ID_sensor`) ON DELETE CASCADE;

--
-- Contraintes pour la table `sensor`
--
ALTER TABLE `sensor`
  ADD CONSTRAINT `sensor_ibfk_1` FOREIGN KEY (`ID_building`) REFERENCES `building` (`ID_building`) ON DELETE CASCADE;
COMMIT;

/*!40101 SET CHARACTER_SET_CLIENT=@OLD_CHARACTER_SET_CLIENT */;
/*!40101 SET CHARACTER_SET_RESULTS=@OLD_CHARACTER_SET_RESULTS */;
/*!40101 SET COLLATION_CONNECTION=@OLD_COLLATION_CONNECTION */;
